{
    "success_rate": {
        "mean": 0.997391304347826,
        "median": 1.0,
        "std": 0.012235867199539391,
        "min": 0.94,
        "max": 1.0,
        "q1": 1.0,
        "q3": 1.0
    },
    "time_to_break": {
        "mean": 1267.796624595566,
        "median": 1321.0158230771438,
        "std": 271.01614274743366,
        "min": 2.0821889241536457e-05,
        "max": 1417.9900602561029,
        "q1": 1321.0158230771438,
        "q3": 1321.0158230771438
    },
    "detection_rate": {
        "mean": 1.0,
        "median": 1.0,
        "std": 0.0,
        "min": 1.0,
        "max": 1.0,
        "q1": 1.0,
        "q3": 1.0
    }
}